system:index,201001_temperature_2m,201001_total_precipitation_sum,201002_temperature_2m,201002_total_precipitation_sum,201003_temperature_2m,201003_total_precipitation_sum,201004_temperature_2m,201004_total_precipitation_sum,201005_temperature_2m,201005_total_precipitation_sum,201006_temperature_2m,201006_total_precipitation_sum,201007_temperature_2m,201007_total_precipitation_sum,201008_temperature_2m,201008_total_precipitation_sum,201009_temperature_2m,201009_total_precipitation_sum,201010_temperature_2m,201010_total_precipitation_sum,201011_temperature_2m,201011_total_precipitation_sum,201012_temperature_2m,201012_total_precipitation_sum,.geo
00000000000000000000_0,277.11520262687435,0.26447591742891063,277.2135941414606,0.1638538594456591,278.261991418818,0.16923872502443515,278.31028895907934,0.23340323749960135,282.0903570728917,0.1148949004143347,290.30422854953343,0.007765954412512599,295.6280698468608,5.448718195779634E-4,293.430119709302,0.002362030080341526,291.522381316291,0.002236525184819982,286.1018135111819,0.1956848774260429,278.74820393456355,0.21871196833518525,276.4691837474864,0.41540646975840545,"{""type"":""MultiPoint"",""coordinates"":[]}"
00000000000000000000_1,281.511589870658,0.27635157665628185,282.50162485667636,0.12809078945836205,283.56127107271584,0.09985523791906559,284.3885604434543,0.16112132553041647,287.8333872518232,0.05401640007196562,295.56562177870006,0.003210729040198146,298.1570858288837,3.057314213350537E-5,296.1988765347389,0.0010142647538415872,295.8632531695896,0.00204206503124027,290.84599351370207,0.11666916051568066,283.36400797102186,0.1361085137453415,281.9606782031316,0.30190283482874847,"{""type"":""MultiPoint"",""coordinates"":[]}"
00000000000000000000_2,281.19085734377626,0.2878949101867079,282.0304683276585,0.14268306448182244,283.0783504157938,0.11390169830915653,283.75279384189184,0.18162797573984335,287.12871602786487,0.06441723177133696,294.8699078030056,0.004033824481062709,298.0692240807318,3.057314213350537E-5,296.0759687936434,0.0010701739106409036,295.447967253791,0.00136459863872318,290.3805092227074,0.12686565259160076,282.9020260916816,0.15380353835490723,281.5288013130106,0.3361934018691919,"{""type"":""MultiPoint"",""coordinates"":[]}"
00000000000000000000_3,280.64620848624935,0.2901892270745634,281.3525188763936,0.15212145998200555,282.39799612311907,0.1268736955702039,282.8821015675863,0.19750485006750296,286.2162968830396,0.07587634393869536,294.0172575208876,0.004605611838393031,297.7207697796565,5.447460468843701E-5,295.71123057539745,0.0012054615531198465,294.79555026160347,0.0010417500802972768,289.6764470377276,0.14040140548409497,282.2759898503621,0.16962830332187195,280.8797468985281,0.36125329559649444,"{""type"":""MultiPoint"",""coordinates"":[]}"
00000000000000000000_4,279.78208980765396,0.2804204728307127,280.36387722832814,0.15514264061173577,281.4297422798731,0.13982951017019474,281.7332029130724,0.20828971449316214,285.0968176113662,0.08938354620634215,293.0362109714084,0.004838040150694667,297.16370387743876,1.032163029535127E-4,295.1403641649472,0.0015127682004205667,293.9018138249715,0.0012085536787012074,288.69725674454884,0.15917840340794598,281.3308590994941,0.18387402203944703,279.9034311643211,0.37418371861781097,"{""type"":""MultiPoint"",""coordinates"":[]}"
00000000000000000000_5,278.92369137015396,0.270426487535417,279.3720414070856,0.15808126880845208,280.3951504409954,0.15291143329736911,280.58991135491266,0.21907091323316763,284.04712318092265,0.10301754245458739,292.1295188056098,0.0050570723190830336,296.7059139538837,1.5125764664247754E-4,294.6406371824203,0.001835139921688267,293.0856734169854,0.0013930002519586537,287.7957609238163,0.17816929259957348,280.3405569076538,0.1981427332487442,278.8178191851544,0.386831913646116,"{""type"":""MultiPoint"",""coordinates"":[]}"
00000000000000000000_6,277.96718252858807,0.26098307034391155,278.2165354547046,0.16110085501393456,279.2468074470438,0.16516444953081333,279.309621641371,0.22860841635645102,282.9469126424482,0.11576860019861357,291.11494903564454,0.005401527561240016,296.16249630015386,2.8684331234529736E-4,294.07724462529666,0.0022166394505731546,292.2289052963257,0.0016930202314355824,286.86473721329884,0.19570217767418896,279.5316213607788,0.21180991438296815,277.55588517137755,0.3990074885448358,"{""type"":""MultiPoint"",""coordinates"":[]}"
00000000000000000000_7,282.30103827035555,0.22653014025109997,283.54203303654987,0.09011346652230401,284.6736833921043,0.06067203851339542,285.95146191914876,0.07988403920114706,290.21395260800597,0.02367848524747984,297.1360292222765,0.0014302488937900648,297.87961607081917,3.1377804837973144E-5,296.19604660362324,9.900801692239725E-4,297.02630384233265,0.002176354295919225,291.9581065639373,0.05432836452187573,285.2736488130358,0.06752711144355317,282.88908462114233,0.16505840843523956,"{""type"":""MultiPoint"",""coordinates"":[]}"
00000000000000000000_8,282.24049139535555,0.23325276932138195,283.4180183183579,0.09204489543160577,284.47882767133814,0.06536951037046634,285.726920360989,0.0916411894935436,289.7882238613662,0.026145432087766096,296.94231177435984,0.0012959745302723036,297.7226704012963,3.148211296633008E-5,295.9956911558746,9.640478406183206E-4,296.7672218110826,0.002296964294622228,291.7525874107115,0.06606901922883068,284.88253010643854,0.07884870079425355,282.8140783207391,0.18422367101515746,"{""type"":""MultiPoint"",""coordinates"":[]}"
00000000000000000000_9,282.12831534108807,0.23997025749105205,283.3212572506496,0.0939768756838717,284.2833025327293,0.07007131846544468,285.4899411943224,0.10339757982671927,289.4128668385167,0.028605241271840498,296.7201193915473,0.0011629667654560194,297.5667065446095,3.2197368703634766E-5,295.804631428052,9.426199708215677E-4,296.4597999360826,0.0024163672992685292,291.6060820343674,0.07781177499951397,284.4503876368205,0.09017635491755982,282.73128052167993,0.20337330227698303,"{""type"":""MultiPoint"",""coordinates"":[]}"
00000000000000000000_10,282.09494158016736,0.24709264001268139,283.284487928663,0.09759766413888116,284.2285231518489,0.07554010422823154,285.36410297817656,0.11594705466211508,289.1132039100893,0.03223467240034239,296.5299528333876,0.0011283364668415174,297.52727389591996,3.228677567079785E-5,295.76017683295794,9.104334626428567E-4,296.3229753918118,0.002432803280065343,291.54842546934725,0.08927972355546032,284.1373586654663,0.1018711885538437,282.71103785114906,0.22425385242308593,"{""type"":""MultiPoint"",""coordinates"":[]}"
00000000000000000000_11,282.09494158016736,0.24709264001268139,283.284487928663,0.09759766413888116,284.2285231518489,0.07554010422823154,285.36410297817656,0.11594705466211508,289.1132039100893,0.03223467240034239,296.5299528333876,0.0011283364668415174,297.52727389591996,3.228677567079785E-5,295.76017683295794,9.104334626428567E-4,296.3229753918118,0.002432803280065343,291.54842546934725,0.08927972355546032,284.1373586654663,0.1018711885538437,282.71103785114906,0.22425385242308593,"{""type"":""MultiPoint"",""coordinates"":[]}"
00000000000000000000_12,281.85018404068484,0.25567325016874065,283.0004680951436,0.10724516763409753,283.8796908265801,0.08373745651838505,284.972072813246,0.1313435751575298,288.49161400333526,0.03998364875017302,295.9490283542209,0.0014443006887958632,297.4481460817399,3.134800251558545E-5,295.67473023937595,8.530490908853494E-4,295.926740582784,0.0020746091672876332,291.1990733608123,0.09978517630757366,283.6488224241469,0.1149239948120453,282.46033693129016,0.2512527150472543,"{""type"":""MultiPoint"",""coordinates"":[]}"
00000000000000000000_13,281.5541123420961,0.26493727228063335,282.5958398864383,0.11974271192273278,283.480006371775,0.09321259828207218,284.45502094692654,0.14808677319467733,287.812847937307,0.04968011746107237,295.4113276163737,0.0019234475269840345,297.52278223345354,3.057314213350537E-5,295.70114730506816,7.862024817697488E-4,295.62188218434653,0.0015408495733240102,290.80159142196817,0.10983605423630749,283.21803086598715,0.12860902753737946,282.0844154973184,0.2811399591525934,"{""type"":""MultiPoint"",""coordinates"":[]}"
00000000000000000000_14,281.33021176245904,0.2731492873134016,282.1887150491987,0.13176987125596185,283.1793773815196,0.10306159527895176,283.9323050181071,0.16463938538015555,287.2496811446323,0.05970551440416472,295.0443571302626,0.0023779925480411634,297.7170315404092,3.170563038423779E-5,295.81510584841493,7.537030492059671E-4,295.5084761513604,0.001052389509389684,290.47545367415233,0.12053009608449017,282.95484727223715,0.14241236058143159,281.7100271614649,0.3100282294114969,"{""type"":""MultiPoint"",""coordinates"":[]}"
00000000000000000000_15,281.1078127789241,0.2774611916245817,281.7562373706273,0.1420103217574038,282.7828588793355,0.11427927883264744,283.3380206214057,0.18042764250219534,286.633404577932,0.07093957433401243,294.2225065443251,0.0027481373920963392,297.5445658776068,3.693593796327832E-5,295.6204181384015,8.387737784616434E-4,295.066375456916,7.311502763727162E-4,289.95239157317786,0.13361461201371228,282.62143255869546,0.15664045122531434,281.3824665725872,0.33517402833308196,"{""type"":""MultiPoint"",""coordinates"":[]}"
00000000000000000000_16,280.55462424985825,0.2709302361907362,281.0719954853966,0.14733498348912377,282.18599543007474,0.12930692108270847,282.5041094885932,0.19417415741861532,285.85465373787827,0.0855282730787863,293.5883295694987,0.0028683450594471083,297.33786539877616,5.632234867647412E-5,295.44382308631816,0.0012486302170984231,294.49601684146455,8.785525629022573E-4,289.31635799202866,0.1533327821797279,281.9895071029663,0.1721119543638565,280.76477504032914,0.3499278021415613,"{""type"":""MultiPoint"",""coordinates"":[]}"
00000000000000000000_17,279.75545747818484,0.26434480211156597,280.1407966386704,0.15263180985173364,281.2384305359215,0.14437220366594516,281.39942741394043,0.20789852920950125,284.81714271217265,0.10014026233850615,292.7649463229709,0.0029898789301441298,297.0150983666861,7.496370132997754E-5,295.0775517699539,0.0016571306500665628,293.7301504135132,0.0010256270238855336,288.4740492092666,0.17309489587010418,281.10537895626493,0.18758347240355988,279.74529629368936,0.3646255475839517,"{""type"":""MultiPoint"",""coordinates"":[]}"
00000000000000000000_18,278.55812359881656,0.2609325405063032,278.753246647971,0.15909158243855615,279.8218767514793,0.15713774533865177,279.8569333818224,0.21799975816190909,283.38720319604363,0.11212672660051481,291.5190777248806,0.003603255428366481,296.2963037388299,4.51888573728354E-4,294.2981236365534,0.00237691634037418,292.6227339638604,0.0016713837453821156,287.2862683162894,0.18811814227761303,279.92038275400796,0.20165472832587739,278.24800546707644,0.3795382720788858,"{""type"":""MultiPoint"",""coordinates"":[]}"
00000000000000000000_19,282.27110085436095,0.231867721289575,283.510570866721,0.08597176327428002,284.6928549940868,0.053508752304288976,285.8321015675863,0.06977111283720205,290.03113590773717,0.02342942723928587,296.8251731024848,0.0010079201832340345,297.38240399924655,3.212286289766553E-5,295.88384062244046,8.488767657510721E-4,296.89649155934654,0.0019096384117105458,291.77140724018057,0.046302315980806696,285.58023789723717,0.05657580104735871,282.8948967431181,0.15304838543738342,"{""type"":""MultiPoint"",""coordinates"":[]}"
00000000000000000000_20,282.19796892391736,0.22625667414087047,283.4465798650469,0.08787124409398217,284.60616144569974,0.05555921168920719,285.7894583384196,0.0713777858394451,290.06282956113097,0.02326815197168486,296.77807566324867,0.0010991748943851576,297.2824507272372,3.2644403539450195E-5,295.7785792607133,0.0010034912142984354,296.8073720932007,0.002050186164090917,291.7700237766389,0.04751026371182476,285.4215654797024,0.059585209759745794,282.81275523606166,0.15523642724360442,"{""type"":""MultiPoint"",""coordinates"":[]}"
00000000000000000000_21,282.2428277948851,0.22580995222944011,283.49023453394574,0.08979075207432885,284.63095090722527,0.05906137199995243,285.8395071665446,0.07745589498460959,290.0604406582412,0.024046409818517134,296.7674582587348,0.0010643508806751356,297.19885750227076,3.204835709169629E-5,295.67358304095524,0.0010881447110406839,296.75713880327015,0.0020842502185800527,291.7827768428351,0.05339359977902447,285.2691322114733,0.0664657017317154,282.8664714238977,0.16419731503333068,"{""type"":""MultiPoint"",""coordinates"":[]}"
00000000000000000000_22,282.23829938006656,0.23058675786870708,283.4933851105826,0.09129895820340295,284.5428345177763,0.06401766212579929,285.71812587314184,0.08801739100397299,289.8512882724885,0.025706071349965498,296.7085959540473,9.042677059696302E-4,297.12627423194147,3.091586884096387E-5,295.5596559996246,0.0010965638671152078,296.64052910274927,0.002012232906530187,291.713167887862,0.06402192750634228,284.97941053178573,0.0773442348566391,282.87664132477136,0.17983563667143798,"{""type"":""MultiPoint"",""coordinates"":[]}"
00000000000000000000_23,282.22336742442144,0.23584624192136516,283.45572351274035,0.09295490934571404,284.4765805275209,0.06900232406255924,285.6089923010932,0.09893037561357687,289.5510976852909,0.02750239143072264,296.5400656806098,7.30773486189662E-4,297.0403209809334,3.166092690065625E-5,295.4378062012375,0.0011228793177835428,296.4620894326104,0.001926059491346166,291.6350612640381,0.07508849838437115,284.62540120018855,0.08847845700648804,282.85845416079286,0.19597347503508544,"{""type"":""MultiPoint"",""coordinates"":[]}"
00000000000000000000_24,282.1716778662897,0.24138297697919597,283.3837398120335,0.09609067990502496,284.34773465638517,0.07422197731134617,285.44575445387096,0.110271932520277,289.222744295674,0.03044423827825682,296.32763621012367,6.323811188266859E-4,296.9596259414509,3.228677567079785E-5,295.32911111975227,0.001134010485195347,296.19424817827013,0.001782367593953893,291.4874874443136,0.08590012529553448,284.24098008473715,0.09953288343814393,282.81141377520817,0.2135814619621179,"{""type"":""MultiPoint"",""coordinates"":[]}"
00000000000000000000_25,282.1716778662897,0.24138297697919597,283.3837398120335,0.09609067990502496,284.34773465638517,0.07422197731134617,285.44575445387096,0.110271932520277,289.222744295674,0.03044423827825682,296.32763621012367,6.323811188266859E-4,296.9596259414509,3.228677567079785E-5,295.32911111975227,0.001134010485195347,296.19424817827013,0.001782367593953893,291.4874874443136,0.08590012529553448,284.24098008473715,0.09953288343814393,282.81141377520817,0.2135814619621179,"{""type"":""MultiPoint"",""coordinates"":[]}"
00000000000000000000_26,282.01172900456254,0.24741487762349834,283.2074877193996,0.1035705412836947,284.03422396670106,0.08060240121481144,285.13107075161406,0.12309377077997397,288.73535560279765,0.037374619337903425,295.99671715630427,8.003619089649305E-4,297.03704214608797,3.183974083498242E-5,295.3560217170305,9.727352175943338E-4,295.92684366438124,0.001488337881276891,291.2481745032854,0.09620633462132488,283.80843342675104,0.11042931285766144,282.6649897790724,0.236084837969198,"{""type"":""MultiPoint"",""coordinates"":[]}"
00000000000000000000_27,281.690550199119,0.2542148735226988,282.79043449674333,0.11374541177472253,283.58967014025615,0.08746769400236332,284.631949657864,0.13691514913023184,288.00667196704495,0.046327192279683516,295.35657772488065,0.001095226086668788,297.0329521343272,3.0677450261862305E-5,295.3136095026488,7.814639125101053E-4,295.49279418521456,0.00109640753955631,290.8067735036214,0.1061705175942329,283.26270860036215,0.12139276770022889,282.31726527470414,0.26162834888304687,"{""type"":""MultiPoint"",""coordinates"":[]}"
00000000000000000000_28,281.6298116868542,0.2611665036382078,282.5146660350618,0.1240715737553515,283.4730102990263,0.09435422094461643,284.310172314114,0.15084706429422567,287.57815791714575,0.05532196530996458,295.007746887207,0.0013906714096592054,297.32219314575195,3.057314213350537E-5,295.54712082237324,6.021582398645364E-4,295.50022962358264,6.926754781702016E-4,290.58221925714963,0.11613580325306927,283.1825219684177,0.13242734578517457,282.09058989247967,0.2874260438045404,"{""type"":""MultiPoint"",""coordinates"":[]}"
00000000000000000000_29,281.42808590140396,0.2631625141801237,282.08594056538175,0.13250378324708123,283.12389970594836,0.10496936114427768,283.74143045213486,0.1651633847135372,286.9846363067627,0.06662619480787413,294.4331999037001,0.001583015598349391,297.31325444867537,3.057314213350537E-5,295.5232974226757,6.54044083141514E-4,295.22064791785346,5.28405077169225E-4,290.13656286014026,0.1301401380604652,282.9113278494941,0.14532491174605866,281.7392925344488,0.30863373404349304,"{""type"":""MultiPoint"",""coordinates"":[]}"
00000000000000000000_30,280.7945068523448,0.2605120893420576,281.2922510192508,0.13953349544724603,282.391136559107,0.12026792140600406,282.7323836856418,0.18111548010290335,286.052097874303,0.08083525666891234,293.70316246880424,0.0016260054483936415,297.10311499975063,3.057314213350537E-5,295.2542990817819,0.001016917160534092,294.57657239702013,6.235340902307485E-4,289.41955597169937,0.14860163369835888,282.2100854449802,0.16094895807174225,281.0546775940926,0.32659300094450927,"{""type"":""MultiPoint"",""coordinates"":[]}"
00000000000000000000_31,279.9847632787561,0.25748178920167675,280.3355830737523,0.14642671301087518,281.48453216142553,0.13586226971742832,281.6335772620307,0.1971152890104122,284.9885136799146,0.09523399541078703,292.8561545477973,0.0016587731018589125,296.8592920200799,3.057314213350537E-5,294.9787719480453,0.001397805741810032,293.8055898666382,7.366339036920522E-4,288.5852592017061,0.16739207246960675,281.2642114215427,0.17672183719543,280.1693029301141,0.344211463387861,"{""type"":""MultiPoint"",""coordinates"":[]}"
00000000000000000000_32,278.961790433494,0.25506721994298687,279.1374774887448,0.15367512955388207,280.21930881213115,0.15126045914289676,280.2404593149821,0.2123348284143276,283.64095193596296,0.10936074325739042,291.7065478854709,0.0017981734648273573,296.31523645052346,1.0667337235048535E-4,294.38510070308564,0.0018610381398431741,292.7796756956312,9.904006788232778E-4,287.5129883263701,0.1854852561062721,280.28698160383436,0.1925297191467621,278.8833381283668,0.3621092779001138,"{""type"":""MultiPoint"",""coordinates"":[]}"
00000000000000000000_33,277.2832317557386,0.2623603995742201,277.2397259076436,0.16536196126660485,278.3059603578301,0.16150102885362827,278.2628659990099,0.21708429042280386,281.8284309346189,0.11751459905801909,290.09707522922093,0.003492986835532008,295.1513524619482,0.0013145316964013887,293.13403488487324,0.003409894636654087,291.32363457149927,0.003009224898526952,285.9644148426671,0.1915304038828758,278.69084173838297,0.2065389415350296,276.8041499353224,0.38425799136961913,"{""type"":""MultiPoint"",""coordinates"":[]}"
00000000000000000000_34,282.2456787273448,0.2332051452102064,283.507635366349,0.08926660372933526,284.7205951444564,0.0538710293352338,285.74201910230846,0.07191382531107138,289.6896776794105,0.023622680398808882,296.0878928290473,7.484164610431776E-4,296.17097821799655,4.2315257154257324E-5,294.92289787210444,8.291029248468362E-4,296.30130926767987,0.0013361225196817372,291.4928165353754,0.051284727842226374,285.51568711598713,0.058342587026629644,282.9807029847176,0.1565567148288629,"{""type"":""MultiPoint"",""coordinates"":[]}"
00000000000000000000_35,282.1688715616862,0.22790620288270702,283.4680351756868,0.08982398166379113,284.68077922123734,0.05569983394739353,285.7709660424126,0.07347710613191794,289.82207540286487,0.023343224021779463,296.1844504462348,8.381959572361097E-4,296.2396132356377,3.884328659609082E-5,294.9554342044297,0.0010181241545907938,296.30287176767985,0.0014442751476266835,291.5520980793943,0.05287599304379498,285.37833360036217,0.0616119464960434,282.91290014533587,0.15814990228022552,"{""type"":""MultiPoint"",""coordinates"":[]}"
00000000000000000000_36,282.1354899252615,0.22587980887311687,283.4575138773237,0.0908604319306292,284.62508890705726,0.05832331748602115,285.7462752872043,0.07781519178331564,289.8487497350221,0.02377173671423094,296.2822721693251,8.444991484211073E-4,296.34997792397775,3.566933926180127E-5,295.0102503376622,0.0011952095542184793,296.3322771496243,0.001481095916936681,291.5832693243539,0.05740266779126202,285.19887396494545,0.06715340522197266,282.8802903083063,0.163980488236799,"{""type"":""MultiPoint"",""coordinates"":[]}"
00000000000000000000_37,282.17511421121577,0.22984782418626537,283.5280240149725,0.09321521773060937,284.61039059136505,0.06230832012293064,285.691945860121,0.08718088451803396,289.72989000299924,0.025591898652898237,296.29090660942927,6.913003101871595E-4,296.4024550325127,3.3225548826010254E-5,295.0106441128639,0.0013771229300729715,296.35281751420763,0.0013741502830484364,291.5692351761685,0.06727814415158306,284.95340412987605,0.07669287529853364,282.90373830897835,0.17752343839014983,"{""type"":""MultiPoint"",""coordinates"":[]}"
00000000000000000000_38,282.15283966064453,0.23375049790757885,283.51114343461535,0.09560676469525475,284.4836186029578,0.06624775500890934,285.551383251614,0.0964760500568218,289.5188711227909,0.027404505702840254,296.19464196099176,5.424526110218153E-4,296.3657866857385,3.160132225588086E-5,294.9131191212644,0.001568692258381077,296.18395358191594,0.001272181636998937,291.4572061313096,0.0770979497736839,284.54251274532743,0.08615588751700898,282.84968872480493,0.1909612161477945,"{""type"":""MultiPoint"",""coordinates"":[]}"
00000000000000000000_39,282.1441188525128,0.23764408192056408,283.4569354965573,0.09858203484734673,284.39091341982606,0.07070142896768772,285.44501389397516,0.1062206197160549,289.2710211353917,0.030165526959287092,296.0494922214084,4.5963195710641003E-4,296.35116975025466,3.356827553346875E-5,294.84757917670794,0.0016581141267053567,295.96415106455487,0.001151661045263097,291.31168781813756,0.08706474044980084,284.2021373112996,0.0957647672024109,282.82068324345414,0.20562133615817046,"{""type"":""MultiPoint"",""coordinates"":[]}"
00000000000000000000_40,282.1441188525128,0.23764408192056408,283.4569354965573,0.09858203484734673,284.39091341982606,0.07070142896768772,285.44501389397516,0.1062206197160549,289.2710211353917,0.030165526959287092,296.0494922214084,4.5963195710641003E-4,296.35116975025466,3.356827553346875E-5,294.84757917670794,0.0016581141267053567,295.96415106455487,0.001151661045263097,291.31168781813756,0.08706474044980084,284.2021373112996,0.0957647672024109,282.82068324345414,0.20562133615817046,"{""type"":""MultiPoint"",""coordinates"":[]}"
00000000000000000000_41,282.078977933494,0.24130452236551037,283.34288404101414,0.10437594904622216,284.20572619284354,0.07657819362280094,285.2702227698432,0.11714983169019888,288.90405677467265,0.036485854479657576,295.8053515964084,6.305929794834242E-4,296.48584349437425,3.2957327924520996E-5,294.9286181131999,0.0014546834740869485,295.7963640636868,9.487519332864736E-4,291.15120604730424,0.09698804953755413,283.87035562727186,0.10530286637214203,282.7522241120697,0.2241546106895349,"{""type"":""MultiPoint"",""coordinates"":[]}"
00000000000000000000_42,281.94899273944156,0.24478208085912456,283.12673820768083,0.11132899477204461,283.9652319262105,0.08314798148271763,285.01607780456544,0.1286008823293514,288.4567675231605,0.0444293207853903,295.45638783772785,9.199139252231703E-4,296.6680774073447,3.110958393648389E-5,295.08107737059237,0.001103284290813633,295.6363353093465,7.148186037042592E-4,290.9391397250596,0.10694022217453991,283.52510823143854,0.11481873300937195,282.6015000907324,0.2443911773523233,"{""type"":""MultiPoint"",""coordinates"":[]}"
00000000000000000000_43,281.8192569363502,0.2482079621257185,282.8269189880008,0.11829256071766991,283.7264151419363,0.08983617396948063,284.68341450161404,0.1401418465751476,287.97875855558664,0.05244990060030119,295.07432132297095,0.0012043621912525282,296.8833726862425,3.057314213350537E-5,295.2892951965332,7.625543389551126E-4,295.49764444563124,4.8557913989810686E-4,290.6815241126604,0.11698424556912457,283.25455701616073,0.12442521360782166,282.3827107132122,0.2646465790828607,"{""type"":""MultiPoint"",""coordinates"":[]}"
00000000000000000000_44,281.5790566885343,0.2500813659133314,282.2787041209993,0.12499924554547448,283.32575149946314,0.09906875463125431,283.99704568650986,0.1532908398288555,287.2161262471189,0.061988163682805464,294.51127065022786,0.0013797935619876966,297.0114861355033,3.057314213350537E-5,295.36951508060577,5.942904267541849E-4,295.2218252182007,3.8064516277103166E-4,290.176302653487,0.1290103022164253,283.0773190604316,0.1357093414392807,281.93364422295684,0.2846607608159921,"{""type"":""MultiPoint"",""coordinates"":[]}"
00000000000000000000_45,280.78853722028833,0.24966884216684093,281.300351256416,0.13204008891305108,282.37126141209757,0.1132519331752988,282.76637077331543,0.17001149240911673,286.03438324056646,0.07476614782510893,293.54373050265843,0.001368021644644557,296.6611889664845,3.057314213350537E-5,294.8968877074539,8.089118514291727E-4,294.3841244803535,4.726449319818471E-4,289.2887569755636,0.14498109856308972,282.3480954276191,0.15058034268287201,281.07881863911945,0.30534942870940185,"{""type"":""MultiPoint"",""coordinates"":[]}"
00000000000000000000_46,280.0063946631647,0.24922119638341655,280.36568793796357,0.1390721405955233,281.49031015621716,0.12745679290888035,281.7146102481418,0.18672180358350943,284.98368337077477,0.0875743962257971,292.6717876858181,0.0013560709133670912,296.444531225389,3.057314213350537E-5,294.6487935794297,0.0010254704270593606,293.6599328570896,5.598167249658559E-4,288.5180522754628,0.1610043022936729,281.44312852223715,0.1654651871052124,280.25936194389095,0.32597329145277953,"{""type"":""MultiPoint"",""coordinates"":[]}"
00000000000000000000_47,279.1533436929026,0.2510281260909437,279.39431633268083,0.14748201324662347,280.49276731347527,0.1414000180542203,280.60847418043346,0.20094251815260122,283.9454582993702,0.09977838763891356,291.83785756429035,0.0016417261734531507,296.17707910845354,2.622712975366426E-4,294.343940693845,0.001493083766483494,292.92587795257566,0.0011479655572870229,287.7228416319816,0.17482422033013378,280.55089490678574,0.18093223479655762,279.23767543095414,0.34816345995272613,"{""type"":""MultiPoint"",""coordinates"":[]}"
00000000000000000000_48,278.05037672801683,0.2580597754420637,278.12348881221953,0.15892854883393426,279.21141493192283,0.1543196228325101,279.27979036966957,0.209455059804327,282.8043633942963,0.11023857066331999,290.9177213880751,0.00263497797399026,295.6960748241794,0.0010423321848733735,293.78564358783024,0.002537923387073704,292.0760027355618,0.0028552064964273427,286.76620415718327,0.1832792285984901,279.52426187727184,0.19730637577441712,277.7580808619017,0.3737581414541147,"{""type"":""MultiPoint"",""coordinates"":[]}"
00000000000000000000_49,282.08306269491874,0.2284538503589033,283.40897348948886,0.09120829953869958,284.63297753692956,0.055570193845007054,285.6226614634196,0.07471181634844015,289.5202834631807,0.023190323206769392,295.60074005126955,6.060805693195448E-4,295.29904703940116,4.067612942293408E-5,294.2002757492886,0.0010230415377847635,295.8462202919854,8.688370058038686E-4,291.36168939323835,0.05736641326607739,285.23465412987605,0.06297117081550141,282.9328566725536,0.1595779550632379,"{""type"":""MultiPoint"",""coordinates"":[]}"
00000000000000000000_50,282.07801449683404,0.22664446195977916,283.44783835184006,0.09209698989113946,284.66731473451017,0.057774895149442784,285.7211423661974,0.07885931614816855,289.5748948333084,0.023723695370541975,295.6581754896376,6.040391102359877E-4,295.42836806594687,3.763629253938916E-5,294.2959998756327,0.0012956433806650125,295.90439357757566,8.690456220605824E-4,291.4295421108123,0.06211726108254467,285.09920491112604,0.0683313718166687,282.9249417910012,0.16477506285513854,"{""type"":""MultiPoint"",""coordinates"":[]}"
00000000000000000000_51,282.11559115174,0.2289252038897871,283.52793972832814,0.09490351929387231,284.6646449386433,0.06072195740339481,285.7010604434543,0.08638003651083181,289.56855767773044,0.025427345129834578,295.7677213880751,4.8481491952401257E-4,295.5653204558998,3.5445821843893555E-5,294.36137180943643,0.001626583269619175,295.9436866548326,7.602671453454946E-4,291.3997989572504,0.07046681383313214,284.8724172592163,0.07609286514190217,282.93604625168666,0.17526744728888488,"{""type"":""MultiPoint"",""coordinates"":[]}"
00000000000000000000_52,282.10983415829236,0.23152925631421795,283.52090324674333,0.09798977329453606,284.58085745124407,0.06369570763704502,285.601369688246,0.09413846019685934,289.41614042302615,0.027253244015561506,295.75626576741536,3.5566655545693493E-4,295.64692905385004,3.5505426488668945E-5,294.37553459085444,0.001973437598728367,295.8895769543118,6.411472627618764E-4,291.3092096595354,0.0790948841875938,284.55032524532743,0.08399355021384736,282.8893576386154,0.18614697879160857,"{""type"":""MultiPoint"",""coordinates"":[]}"
00000000000000000000_53,282.10283808554374,0.23380671998876323,283.4655530793326,0.10131623401364465,284.4551407803771,0.06721692653295719,285.4679251352946,0.10216088775575827,289.2047986471525,0.03000824520288603,295.66647084554035,3.009643927143202E-4,295.72909943775466,3.4864676557333496E-5,294.39108346098214,0.0021782838616601907,295.7646610471937,5.235920021036122E-4,291.15473427311065,0.08793331423462902,284.2091251585219,0.09192500618365784,282.84067127268804,0.1978271496852777,"{""type"":""MultiPoint"",""coordinates"":[]}"
00000000000000000000_54,282.10283808554374,0.23380671998876323,283.4655530793326,0.10131623401364465,284.4551407803771,0.06721692653295719,285.4679251352946,0.10216088775575827,289.2047986471525,0.03000824520288603,295.66647084554035,3.009643927143202E-4,295.72909943775466,3.4864676557333496E-5,294.39108346098214,0.0021782838616601907,295.7646610471937,5.235920021036122E-4,291.15473427311065,0.08793331423462902,284.2091251585219,0.09192500618365784,282.84067127268804,0.1978271496852777,"{""type"":""MultiPoint"",""coordinates"":[]}"
00000000000000000000_55,282.12220132479104,0.2347410078944563,283.42581919261386,0.10474940194806237,284.35185091982606,0.07253236444589817,285.3495711856418,0.11085654977739523,288.98360461573446,0.03543141851125853,295.58379126654734,4.6629277616005993E-4,295.94470448647775,3.456665333345654E-5,294.5264292481125,0.0018944912467233621,295.656232770284,4.42529685209081E-4,291.0099903845018,0.09759175518216168,283.94373887379965,0.09996738639739533,282.81719439516786,0.21153068965281463,"{""type"":""MultiPoint"",""coordinates"":[]}"
00000000000000000000_56,282.14385371054374,0.2352101560534834,283.4077644121079,0.10873738481721062,284.28465974459084,0.07879402609464847,285.312844297621,0.12011413458765219,288.7679365629791,0.04241787264047758,295.4770014444987,7.469561472461805E-4,296.27384805166594,3.115428742006543E-5,294.81824292418776,0.001390772393726536,295.76288424597846,3.623912403085683E-4,291.064234231108,0.10754812994660412,283.76851914723716,0.10814076271918793,282.83379333249985,0.22683278148974395,"{""type"":""MultiPoint"",""coordinates"":[]}"
00000000000000000000_57,282.19505236225746,0.23575911483186474,283.29010897591,0.11280227257928033,284.19437496636505,0.08506891997453891,285.142727110121,0.12942663017690847,288.46861228122503,0.049435991737233564,295.45445370144313,0.0010328051224277601,296.74145347841323,3.142250832155469E-5,295.2414488843692,8.946829352609598E-4,295.81454982757566,2.722243139245961E-4,290.94225579948835,0.11749703922928845,283.6497989866469,0.11635933426288148,282.7977996539044,0.24227737313117004,"{""type"":""MultiPoint"",""coordinates"":[]}"
00000000000000000000_58,281.81190121558404,0.2365579958857893,282.63162392661684,0.11789036347588677,283.62789258649275,0.09431138010618412,284.369010204739,0.14212872270525168,287.6242479919105,0.05827060708700316,294.7638395521376,0.0011597928181217299,296.7711283776068,3.1437409482748535E-5,295.2439664204915,6.396346602670633E-4,295.37095716264514,2.773801156976674E-4,290.3751013766053,0.12901048103035961,283.27992051442465,0.12703860906032105,282.2789509475872,0.26072544282282806,"{""type"":""MultiPoint"",""coordinates"":[]}"
00000000000000000000_59,281.0527761315787,0.23886532148736705,281.629711491721,0.12482388868054528,282.6932645202965,0.10635780664083683,283.1945310380724,0.1589474845308132,286.4620572367022,0.06889966497121947,293.7895963880751,0.001122912444166957,296.5595634624522,3.113938625887158E-5,294.96570648685577,6.348513875238382E-4,294.59649969736734,3.2413995952396135E-4,289.5276472645421,0.14157275596322094,282.61008001963296,0.14038040843871613,281.4118973311557,0.2840872896274469,"{""type"":""MultiPoint"",""coordinates"":[]}"
00000000000000000000_60,280.41639077791604,0.24126585385221233,280.790838491349,0.13198195948323388,281.91488382893226,0.11893154056665622,282.1805716196696,0.17639665488184164,285.4646692788729,0.07987146446405546,292.94949493408205,0.0010604765787647352,296.3868510338568,3.057314213350537E-5,294.71964686403993,6.732218775979959E-4,293.9315176010132,3.808835813501332E-4,288.8494902374924,0.1544168565577415,282.0296628104316,0.15418052283195038,280.6784647664716,0.3080549133380792,"{""type"":""MultiPoint"",""coordinates"":[]}"
00000000000000000000_61,279.9374236240182,0.2441183831395506,280.1500361987523,0.13956291033944268,281.30792660867013,0.13184503586885654,281.4772730085585,0.19335526410520743,284.8089469376431,0.09103410312830107,292.4952034844292,0.001035174407057582,296.5894693764307,6.0300958715231445E-5,294.8852135853101,7.438384804956399E-4,293.60794989267987,5.55599696347997E-4,288.4427992092666,0.1671175036734489,281.4942814085219,0.16856342163947602,280.1231130989649,0.33253890698756194,"{""type"":""MultiPoint"",""coordinates"":[]}"
00000000000000000000_62,278.78924076531524,0.25384772381204357,279.0206038838341,0.15278371228894372,280.0663638986567,0.14711735518572056,280.207277891371,0.20175156179846,283.7363977944979,0.10304665932356016,291.69099884033204,0.00179458228497964,296.1916146637291,7.666905051095796E-4,294.4028205871582,0.0016879760537378274,292.80203626420763,0.002696240908811376,287.538843606108,0.17505120971859967,280.35404160817467,0.18820313719180604,278.7391560257122,0.36331901377047515,"{""type"":""MultiPoint"",""coordinates"":[]}"
00000000000000000000_63,282.08306269491874,0.2284538503589033,283.40897348948886,0.09120829953869958,284.63297753692956,0.055570193845007054,285.6226614634196,0.07471181634844015,289.5202834631807,0.023190323206769392,295.60074005126955,6.060805693195448E-4,295.29904703940116,4.067612942293408E-5,294.2002757492886,0.0010230415377847635,295.8462202919854,8.688370058038686E-4,291.36168939323835,0.05736641326607739,285.23465412987605,0.06297117081550141,282.9328566725536,0.1595779550632379,"{""type"":""MultiPoint"",""coordinates"":[]}"
00000000000000000000_64,282.07801449683404,0.22664446195977916,283.44783835184006,0.09209698989113946,284.66731473451017,0.057774895149442784,285.7211423661974,0.07885931614816855,289.5748948333084,0.023723695370541975,295.6581754896376,6.040391102359877E-4,295.42836806594687,3.763629253938916E-5,294.2959998756327,0.0012956433806650125,295.90439357757566,8.690456220605824E-4,291.4295421108123,0.06211726108254467,285.09920491112604,0.0683313718166687,282.9249417910012,0.16477506285513854,"{""type"":""MultiPoint"",""coordinates"":[]}"
00000000000000000000_65,282.11559115174,0.2289252038897871,283.52793972832814,0.09490351929387231,284.6646449386433,0.06072195740339481,285.7010604434543,0.08638003651083181,289.56855767773044,0.025427345129834578,295.7677213880751,4.8481491952401257E-4,295.5653204558998,3.5445821843893555E-5,294.36137180943643,0.001626583269619175,295.9436866548326,7.602671453454946E-4,291.3997989572504,0.07046681383313214,284.8724172592163,0.07609286514190217,282.93604625168666,0.17526744728888488,"{""type"":""MultiPoint"",""coordinates"":[]}"
00000000000000000000_66,282.10983415829236,0.23152925631421795,283.52090324674333,0.09798977329453606,284.58085745124407,0.06369570763704502,285.601369688246,0.09413846019685934,289.41614042302615,0.027253244015561506,295.75626576741536,3.5566655545693493E-4,295.64692905385004,3.5505426488668945E-5,294.37553459085444,0.001973437598728367,295.8895769543118,6.411472627618764E-4,291.3092096595354,0.0790948841875938,284.55032524532743,0.08399355021384736,282.8893576386154,0.18614697879160857,"{""type"":""MultiPoint"",""coordinates"":[]}"
00000000000000000000_67,282.10283808554374,0.23380671998876323,283.4655530793326,0.10131623401364465,284.4551407803771,0.06721692653295719,285.4679251352946,0.10216088775575827,289.2047986471525,0.03000824520288603,295.66647084554035,3.009643927143202E-4,295.72909943775466,3.4864676557333496E-5,294.39108346098214,0.0021782838616601907,295.7646610471937,5.235920021036122E-4,291.15473427311065,0.08793331423462902,284.2091251585219,0.09192500618365784,282.84067127268804,0.1978271496852777,"{""type"":""MultiPoint"",""coordinates"":[]}"
00000000000000000000_68,282.10283808554374,0.23380671998876323,283.4655530793326,0.10131623401364465,284.4551407803771,0.06721692653295719,285.4679251352946,0.10216088775575827,289.2047986471525,0.03000824520288603,295.66647084554035,3.009643927143202E-4,295.72909943775466,3.4864676557333496E-5,294.39108346098214,0.0021782838616601907,295.7646610471937,5.235920021036122E-4,291.15473427311065,0.08793331423462902,284.2091251585219,0.09192500618365784,282.84067127268804,0.1978271496852777,"{""type"":""MultiPoint"",""coordinates"":[]}"
00000000000000000000_69,282.12220132479104,0.2347410078944563,283.42581919261386,0.10474940194806237,284.35185091982606,0.07253236444589817,285.3495711856418,0.11085654977739523,288.98360461573446,0.03543141851125853,295.58379126654734,4.6629277616005993E-4,295.94470448647775,3.456665333345654E-5,294.5264292481125,0.0018944912467233621,295.656232770284,4.42529685209081E-4,291.0099903845018,0.09759175518216168,283.94373887379965,0.09996738639739533,282.81719439516786,0.21153068965281463,"{""type"":""MultiPoint"",""coordinates"":[]}"
00000000000000000000_70,282.14385371054374,0.2352101560534834,283.4077644121079,0.10873738481721062,284.28465974459084,0.07879402609464847,285.312844297621,0.12011413458765219,288.7679365629791,0.04241787264047758,295.4770014444987,7.469561472461805E-4,296.27384805166594,3.115428742006543E-5,294.81824292418776,0.001390772393726536,295.76288424597846,3.623912403085683E-4,291.064234231108,0.10754812994660412,283.76851914723716,0.10814076271918793,282.83379333249985,0.22683278148974395,"{""type"":""MultiPoint"",""coordinates"":[]}"
00000000000000000000_71,282.19505236225746,0.23575911483186474,283.29010897591,0.11280227257928033,284.19437496636505,0.08506891997453891,285.142727110121,0.12942663017690847,288.46861228122503,0.049435991737233564,295.45445370144313,0.0010328051224277601,296.74145347841323,3.142250832155469E-5,295.2414488843692,8.946829352609598E-4,295.81454982757566,2.722243139245961E-4,290.94225579948835,0.11749703922928845,283.6497989866469,0.11635933426288148,282.7977996539044,0.24227737313117004,"{""type"":""MultiPoint"",""coordinates"":[]}"
00000000000000000000_72,281.81190121558404,0.2365579958857893,282.63162392661684,0.11789036347588677,283.62789258649275,0.09431138010618412,284.369010204739,0.14212872270525168,287.6242479919105,0.05827060708700316,294.7638395521376,0.0011597928181217299,296.7711283776068,3.1437409482748535E-5,295.2439664204915,6.396346602670633E-4,295.37095716264514,2.773801156976674E-4,290.3751013766053,0.12901048103035961,283.27992051442465,0.12703860906032105,282.2789509475872,0.26072544282282806,"{""type"":""MultiPoint"",""coordinates"":[]}"
00000000000000000000_73,281.0527761315787,0.23886532148736705,281.629711491721,0.12482388868054528,282.6932645202965,0.10635780664083683,283.1945310380724,0.1589474845308132,286.4620572367022,0.06889966497121947,293.7895963880751,0.001122912444166957,296.5595634624522,3.113938625887158E-5,294.96570648685577,6.348513875238382E-4,294.59649969736734,3.2413995952396135E-4,289.5276472645421,0.14157275596322094,282.61008001963296,0.14038040843871613,281.4118973311557,0.2840872896274469,"{""type"":""MultiPoint"",""coordinates"":[]}"
00000000000000000000_74,280.41639077791604,0.24126585385221233,280.790838491349,0.13198195948323388,281.91488382893226,0.11893154056665622,282.1805716196696,0.17639665488184164,285.4646692788729,0.07987146446405546,292.94949493408205,0.0010604765787647352,296.3868510338568,3.057314213350537E-5,294.71964686403993,6.732218775979959E-4,293.9315176010132,3.808835813501332E-4,288.8494902374924,0.1544168565577415,282.0296628104316,0.15418052283195038,280.6784647664716,0.3080549133380792,"{""type"":""MultiPoint"",""coordinates"":[]}"
00000000000000000000_75,279.9374236240182,0.2441183831395506,280.1500361987523,0.13956291033944268,281.30792660867013,0.13184503586885654,281.4772730085585,0.19335526410520743,284.8089469376431,0.09103410312830107,292.4952034844292,0.001035174407057582,296.5894693764307,6.0300958715231445E-5,294.8852135853101,7.438384804956399E-4,293.60794989267987,5.55599696347997E-4,288.4427992092666,0.1671175036734489,281.4942814085219,0.16856342163947602,280.1231130989649,0.33253890698756194,"{""type"":""MultiPoint"",""coordinates"":[]}"
00000000000000000000_76,278.78924076531524,0.25384772381204357,279.0206038838341,0.15278371228894372,280.0663638986567,0.14711735518572056,280.207277891371,0.20175156179846,283.7363977944979,0.10304665932356016,291.69099884033204,0.00179458228497964,296.1916146637291,7.666905051095796E-4,294.4028205871582,0.0016879760537378274,292.80203626420763,0.002696240908811376,287.538843606108,0.17505120971859967,280.35404160817467,0.18820313719180604,278.7391560257122,0.36331901377047515,"{""type"":""MultiPoint"",""coordinates"":[]}"
00000000000000000000_77,282.0400151898784,0.22308900019544353,283.3810252007984,0.09049042119702477,284.5840391548731,0.054890402871343724,285.53432053460017,0.07365513030470083,289.19475475434336,0.02286708721815245,294.95496639675565,4.8183468728524304E-4,294.50729636735815,4.3268931470663574E-5,293.6145745144095,9.539150510065042E-4,295.32585082583955,5.096743175485585E-4,291.15646163366176,0.058237892777338374,285.13160508473715,0.06181844678786774,282.9507183156988,0.1555513185819528,"{""type"":""MultiPoint"",""coordinates"":[]}"
00000000000000000000_78,282.0363294539913,0.2209417279662489,283.45202943256925,0.09097302510460992,284.6629727066204,0.056572743970129125,285.6739499833849,0.07629682306230734,289.3908495544105,0.02307157585321562,295.19699113633897,4.7784117608529186E-4,294.8085002694079,3.9707553945333984E-5,293.8432240229781,0.0012535774026147806,295.5070411470201,5.06694085309789E-4,291.3100680894749,0.06256693342389141,285.01886365678575,0.06617079285052796,282.96787641381707,0.159370873626127,"{""type"":""MultiPoint"",""coordinates"":[]}"
00000000000000000000_79,282.11406855429374,0.22211425563710918,283.5645491963341,0.09446628942212243,284.7177888398529,0.058951028901311986,285.7580672793918,0.08244666639745901,289.45219973082186,0.024635005685674116,295.2861051771376,3.753956928775892E-4,294.94983143960275,3.476036842897656E-5,293.9410325327227,0.001679601601146885,295.5632450315687,4.1697419376163225E-4,291.353057840819,0.06976271906556164,284.87041530609133,0.07285248843101044,283.00770283770817,0.16791032677496887,"{""type"":""MultiPoint"",""coordinates"":[]}"
00000000000000000000_80,282.1306386147776,0.22341165503877392,283.6162314414978,0.09798600330075402,284.7037520664994,0.061354556399557225,285.7252520667182,0.08871905688226889,289.4185923299482,0.026233334037648603,295.43179473876955,2.748277559803114E-4,295.1782158062022,3.572894390657666E-5,294.0790848680722,0.002111943892025181,295.63851358625624,3.249744245508168E-4,291.3363145192464,0.07707863786877667,284.6244626151191,0.0796107759800293,282.9971365364649,0.17662114327753997,"{""type"":""MultiPoint"",""coordinates"":[]}"
00000000000000000000_81,282.11507661880984,0.22569144329446544,283.5345896539234,0.10155310287198205,284.5623132644161,0.06420407565233432,285.5519827524821,0.09582658294618795,289.18338777685676,0.028700727912770674,295.42046118842234,2.3373035340767956E-4,295.32201988466323,3.4864676557333496E-5,294.13835328625095,0.0023238682065240823,295.60626532236734,2.3267663211612444E-4,291.1461420982115,0.08545690515698467,284.2647485309177,0.08679060247806092,282.9329013004098,0.18674362128581024,"{""type"":""MultiPoint"",""coordinates"":[]}"
00000000000000000000_82,282.11507661880984,0.22569144329446544,283.5345896539234,0.10155310287198205,284.5623132644161,0.06420407565233432,285.5519827524821,0.09582658294618795,289.18338777685676,0.028700727912770674,295.42046118842234,2.3373035340767956E-4,295.32201988466323,3.4864676557333496E-5,294.13835328625095,0.0023238682065240823,295.60626532236734,2.3267663211612444E-4,291.1461420982115,0.08545690515698467,284.2647485309177,0.08679060247806092,282.9329013004098,0.18674362128581024,"{""type"":""MultiPoint"",""coordinates"":[]}"
00000000000000000000_83,282.12535415157197,0.22698672673124065,283.4674567949204,0.10476190402230401,284.4388148605183,0.06894385190603458,285.4129338158501,0.10378632131994436,288.962506140432,0.03381093213258879,295.39609866672095,4.1732756047707653E-4,295.5906874543877,3.3985508046896484E-5,294.3159826545305,0.00195594363548679,295.6024079004923,1.9865728111057024E-4,291.01069130436065,0.09519032874764477,283.98831895192467,0.09427176025775452,282.8832409971504,0.19894743388499236,"{""type"":""MultiPoint"",""coordinates"":[]}"
00000000000000000000_84,282.1617757325531,0.22804907521623363,283.43323060444425,0.10786465360840936,284.3470206106863,0.07436605663892948,285.364664501614,0.11211291138113211,288.7971914352909,0.039897162410603926,295.3553732977973,6.827321425006971E-4,295.94726927562425,3.1437409482748535E-5,294.6113140557402,0.0013690614018671,295.69837144215904,1.8456078262119036E-4,291.033968669112,0.10548230746449505,283.79925645192463,0.10189574566749116,282.88221455645817,0.21198742514456725,"{""type"":""MultiPoint"",""coordinates"":[]}"
00000000000000000000_85,282.2244358678018,0.22941206952947368,283.38745714369276,0.11108783437928338,284.27606756969163,0.07975410791036808,285.28451855977374,0.1205706614631481,288.6352001928514,0.04596898326574461,295.4061545477973,9.390321150348768E-4,296.3533040118474,3.1437409482748535E-5,294.95796486639205,7.948302541009866E-4,295.7240604612562,1.7453230113773088E-4,291.0131117092666,0.1158099744624046,283.6879473156399,0.10958143678573151,282.8995301646571,0.22521461969222045,"{""type"":""MultiPoint"",""coordinates"":[]}"
00000000000000000000_86,282.02300935150475,0.2301630731524824,282.9698284467061,0.11555809333047051,283.89803550063925,0.08763352902528965,284.81820182800294,0.13264270309389303,288.0864193208756,0.05363645026384489,295.0265538533529,0.0010231640711353407,296.61691813315116,3.1437409482748535E-5,295.21538621635847,6.004297051660501E-4,295.51886569129096,1.8633402080325823E-4,290.6770140740179,0.12570294478596722,283.3791691038344,0.1187561264362671,282.61336847530896,0.24343297308291412,"{""type"":""MultiPoint"",""coordinates"":[]}"
00000000000000000000_87,281.40767784528833,0.2330053355397581,282.1145951180231,0.12237695409974236,283.1330300402898,0.09865375729200565,283.7809893714057,0.14961140040338705,287.0846525828044,0.06331640848814146,294.33001522488064,9.245481863544569E-4,296.73354384719687,3.097547348573926E-5,295.2289137071179,6.73504999660679E-4,295.00524264441594,2.303222486474965E-4,289.9530662413566,0.1364977631873039,282.893917910258,0.13100657966998597,281.8735646278627,0.2679626238902948,"{""type"":""MultiPoint"",""coordinates"":[]}"
00000000000000000000_88,280.9523477041593,0.23609541913884868,281.41296111969723,0.12937589540204186,282.5206780997656,0.10989371808168613,282.924465391371,0.16655957881391714,286.21309680323446,0.07310256728826658,293.58389434814455,8.426812067554579E-4,296.6729129668205,3.057314213350537E-5,295.13400075768914,7.220529828302347E-4,294.5157081392076,2.818802663782094E-4,289.4082126207249,0.14736169317425762,282.51659314897324,0.14365449157622834,281.27022488911945,0.29277982240523315,"{""type"":""MultiPoint"",""coordinates"":[]}"
00000000000000000000_89,280.41051302674,0.2411099728049635,280.6950859569368,0.1380238886090197,281.8417807753368,0.12249604733583652,282.1236678653293,0.1818257439512081,285.4495798131471,0.08357361325918333,292.9977479722765,9.002294912860975E-4,296.7346779197775,1.236010914666963E-4,295.14954437748077,8.320831570856058E-4,294.0995568805271,7.123599121072743E-4,288.9098901030838,0.15776210764111553,281.97319850921633,0.15882053581145783,280.6291746119017,0.31979924863184905,"{""type"":""MultiPoint"",""coordinates"":[]}"
00000000000000000000_90,282.05658262519427,0.21110839208978405,283.53370028450377,0.08877546145638604,284.8084857694564,0.05512561770078861,285.7893796708849,0.07178673330724905,289.30562084977345,0.02224035927950041,294.7247092352973,4.0945974736672497E-4,294.2590736061014,3.7293565831930664E-5,293.47103557791763,0.0011096917901269876,295.06466104719374,3.248999187448476E-4,291.2315991924655,0.06045186260403668,285.0581051932441,0.06205734220412751,283.01226012937485,0.15046430056895232,"{""type"":""MultiPoint"",""coordinates"":[]}"
00000000000000000000_91,282.0995566255303,0.21092308124917736,283.5958718572344,0.0922388042422213,284.8112894488919,0.0571964767753812,285.8618378957113,0.076361598410017,289.47061528441725,0.023350585195409224,295.07199113633897,3.418978825138197E-4,294.6355148233393,3.453685101106885E-5,293.7437091540265,0.0015551769051782571,295.2764394760132,2.90329224775121E-4,291.3608572149789,0.06623631456555401,284.92423203786217,0.06780296173957368,283.02136421203613,0.1570048076471231,"{""type"":""MultiPoint"",""coordinates"":[]}"
00000000000000000000_92,282.14125479421307,0.21099401077646007,283.64958860760646,0.09598368956765313,284.78585682120377,0.05933324368593418,285.81051411098906,0.0812720227617092,289.4985943250759,0.024587172958241865,295.3368077596029,2.6991037278634167E-4,294.97746395808394,3.541601952150586E-5,293.99245432371737,0.002015026739620396,295.44276705847847,2.5188422889499407E-4,291.411643715315,0.07224283853234326,284.69510334862605,0.07377820816901703,283.04916999160605,0.16393638079966522,"{""type"":""MultiPoint"",""coordinates"":[]}"
00000000000000000000_93,282.1652094523112,0.2130742426814436,283.6592001914978,0.09997080816945214,284.7414599798059,0.0619148400604459,285.73280415005155,0.08743460658968161,289.39177623871836,0.02693789074121611,295.4865961710612,2.8050509839516735E-4,295.25236892700195,3.523720558717969E-5,294.17135952365015,0.002161058119320103,295.552717145284,2.1157658786563616E-4,291.35089995271414,0.07987650969685589,284.409800614251,0.08039635029700776,283.05258533518804,0.17296581393088317,"{""type"":""MultiPoint"",""coordinates"":[]}"
00000000000000000000_94,282.1652094523112,0.2130742426814436,283.6592001914978,0.09997080816945214,284.7414599798059,0.0619148400604459,285.73280415005155,0.08743460658968161,289.39177623871836,0.02693789074121611,295.4865961710612,2.8050509839516735E-4,295.25236892700195,3.523720558717969E-5,294.17135952365015,0.002161058119320103,295.552717145284,2.1157658786563616E-4,291.35089995271414,0.07987650969685589,284.409800614251,0.08039635029700776,283.05258533518804,0.17296581393088317,"{""type"":""MultiPoint"",""coordinates"":[]}"
00000000000000000000_95,282.1799550210276,0.21868517062085857,283.57922088532223,0.10436314894875665,284.6171451486567,0.06544572980997287,285.62526291741267,0.09591543857038687,289.0901103070987,0.031494948956357405,295.47466854519314,4.552063122318373E-4,295.4583868621498,3.13629036767793E-5,294.26441385412727,0.0016999267850152933,295.58941419389515,1.7079210967807512E-4,291.14896677899105,0.09053344765366589,284.10966226789685,0.08818891254333039,282.99586070481166,0.18591723268832183,"{""type"":""MultiPoint"",""coordinates"":[]}"
